country,year,population,co2,gdp,co2_per_gdp,co2_per_capita,co2_growth_abs,co2_growth_prct,cumulative_co2,land_use_change_co2,cumulative_luc_co2,co2_including_luc,total_ghg,primary_energy_consumption,energy_per_gdp
Argentina,1990,32755907.0,112.188,557088925124.0,0.201382570969309,3.425,-4.879,-4.167,3658.052,40.902,9199.135,153.09,286.574,513.625,0.921980274308405
Argentina,1991,33230293.0,117.727,607968472614.0,0.19363997526685078,3.543,5.539,4.937,3775.779,84.645,9283.779,202.372,316.994,522.459,0.8593521268523242
Argentina,1992,33693532.0,121.514,656224702857.0,0.18517132846563916,3.606,3.787,3.217,3897.293,56.127,9339.906,177.641,309.154,560.339,0.853882820260281
Argentina,1993,34152719.0,118.021,710080926887.0,0.16620781594205739,3.456,-3.493,-2.875,4015.314,45.388,9385.294,163.409,298.301,578.831,0.815162016162861
Argentina,1994,34613492.0,118.507,751522674939.0,0.15768918750138716,3.424,0.486,0.412,4133.821,44.502,9429.796,163.009,299.414,611.176,0.8132502456424329
Argentina,1995,35070016.0,125.415,730140279566.0,0.17176836220369526,3.576,6.909,5.83,4259.236,45.288,9475.084,170.703,308.467,630.652,0.8637408695968171
Argentina,1996,35513795.0,131.446,770492868120.0,0.17059989188573257,3.701,6.03,4.808,4390.682,46.211,9521.294,177.657,311.916,659.104,0.8554316688332386
Argentina,1997,35947790.0,136.617,832987905019.0,0.16400838376744958,3.8,5.171,3.934,4527.299,51.298,9572.593,187.915,319.533,668.982,0.8031113008594535
Argentina,1998,36372862.0,139.505,865059429174.0,0.16126637696233892,3.835,2.888,2.114,4666.804,58.007,9630.601,197.512,321.302,694.257,0.8025541096788109
Argentina,1999,36794687.0,148.345,835773213823.0,0.17749432207983695,4.032,8.839,6.336,4815.148,53.945,9684.545,202.289,332.044,705.548,0.8441859446208824
Argentina,2000,37213986.0,143.355,829178972033.0,0.1728878864939362,3.852,-4.99,-3.364,4958.503,54.57,9739.114,197.925,329.932,703.635,0.848592431468458
Argentina,2001,37624817.0,135.004,792621800475.0,0.17032587284262835,3.588,-8.351,-5.825,5093.508,51.677,9790.792,186.681,319.058,687.341,0.8671739782934211
Argentina,2002,38029345.0,124.93,706269738674.0,0.17688709165785904,3.285,-10.074,-7.462,5218.438,185.242,9976.034,310.172,394.168,658.151,0.9318691768327191
Argentina,2003,38424283.0,134.421,768683083609.0,0.17487180720679793,3.498,9.491,7.597,5352.858,251.269,10227.304,385.69,455.75,704.758,0.9168381808158584
Argentina,2004,38815915.0,157.235,838091886093.0,0.18761069353981577,4.051,22.814,16.972,5510.094,295.599,10522.901,452.834,507.462,751.157,0.8962704596768365
Argentina,2005,39216786.0,161.728,912276929668.0,0.17727950224375047,4.124,4.493,2.857,5671.822,310.783,10833.685,472.511,518.319,796.367,0.8729443594389892
Argentina,2006,39622113.0,174.342,985689236302.0,0.1768731904327951,4.4,12.614,7.799,5846.164,304.026,11137.711,478.368,529.459,836.059,0.8481973518719083
Argentina,2007,40016767.0,173.764,1074476681421.0,0.16171965665201443,4.342,-0.578,-0.332,6019.927,162.251,11299.962,336.015,436.537,869.076,0.8088365387796441
Argentina,2008,40424151.0,187.596,1118070705029.0,0.16778545324209548,4.641,13.832,7.96,6207.523,90.352,11390.313,277.947,404.48,879.072,0.7862400794922885
Argentina,2009,40854832.0,178.378,1051897409980.0,0.16957737352294797,4.366,-9.217,-4.913,6385.901,337.584,11727.897,515.962,540.889,852.154,0.8101113206621569
Argentina,2010,41288694.0,186.121,1158406210935.0,0.16066989130675816,4.508,7.743,4.341,6572.022,244.195,11972.093,430.317,479.33,882.268,0.7616222976635141
Argentina,2011,41730655.0,189.884,1227956360246.0,0.15463415976929343,4.55,3.763,2.022,6761.906,233.023,12205.115,422.907,479.874,907.376,0.7389317970699079
Argentina,2012,42161718.0,191.715,1215352364993.0,0.15774437564130153,4.547,1.831,0.964,6953.621,151.266,12356.382,342.98,430.562,944.132,0.7768380818557405
Argentina,2013,42582453.0,189.525,1244585524448.0,0.1522796113863355,4.451,-2.19,-1.142,7143.146,103.32,12459.701,292.845,403.474,1009.449,0.8110724254548212
Argentina,2014,43024071.0,188.539,1213313877880.0,0.1553917773770383,4.382,-0.986,-0.52,7331.685,177.77,12637.471,366.309,449.449,993.008,0.8184263100452323
Argentina,2015,43477011.0,191.809,1246451419104.0,0.15388405601710503,4.412,3.27,1.734,7523.493,111.37,12748.841,303.179,413.0,1009.992,0.8102939148049776
Argentina,2016,43900312.0,190.02,1220521143173.0,0.15568759383061834,4.328,-1.788,-0.932,7713.514,107.859,12856.7,297.879,414.578,1005.722,0.8240103054547792
Argentina,2017,44288898.0,187.068,1254921567938.0,0.14906748340247045,4.224,-2.952,-1.554,7900.582,80.68,12937.38,267.748,396.408,996.988,0.794462399461491
Argentina,2018,44654876.0,182.483,1222075295207.0,0.1493222232015502,4.087,-4.585,-2.451,8083.065,113.389,13050.769,295.872,406.818,986.055,0.8068692689127457
Argentina,2019,44973469.0,180.428,1197623267200.0,0.15065505567692766,4.012,-2.056,-1.127,8263.493,161.779,13212.548,342.207,432.561,925.658,0.7729125054193002
Argentina,2020,45191960.0,164.613,1079052757506.0,0.15255324529309186,3.643,-15.815,-8.765,8428.105,129.045,13341.593,293.657,397.663,863.972,0.8006763283723836
Argentina,2021,45312282.0,190.197,1191725417699.0,0.15959800569432764,4.197,25.584,15.542,8618.303,157.885,13499.478,348.082,437.433,948.187,0.7956421721966563
Argentina,2022,45407904.0,183.768,1263476170672.0,0.14544635210829504,4.047,-6.429,-3.38,8802.07,149.233,13648.711,333.001,432.106,1001.241,0.7924494527407462
Argentina,2023,45538402.0,178.407,1240028731129.0,0.1438732793211711,3.918,-5.361,-2.917,8980.478,145.294,13794.005,323.701,427.118,1004.261,0.8098691383429945
Argentina,2024,45696153.0,171.059,1223376004342.0,0.139825367992243,3.743,-7.348,-4.119,9151.537,144.406,13938.41,315.465,416.982,983.105,0.8036000350756992
Bolivia,1990,7130143.0,10.018,44542741932.0,0.22490757338858292,1.405,5.04,101.258,120.223,39.961,4591.168,49.979,77.564,24.498,0.5499885938184772
Bolivia,1991,7280294.0,10.506,46888597300.0,0.2240630047595815,1.443,0.488,4.873,130.729,34.228,4625.396,44.734,76.025,23.783,0.5072235334282436
Bolivia,1992,7430337.0,11.025,47660617219.0,0.2313230638482974,1.484,0.519,4.944,141.754,73.336,4698.732,84.361,110.584,26.012,0.5457755588954115
Bolivia,1993,7579196.0,11.562,49695390116.0,0.23265739484108572,1.525,0.536,4.865,153.316,55.068,4753.801,66.63,96.772,25.592,0.5149773437790232
Bolivia,1994,7727320.0,9.65,52014805702.0,0.1855240997204946,1.249,-1.912,-16.538,162.965,202.854,4956.655,212.504,180.739,28.952,0.5566107497520995
Bolivia,1995,7874676.0,9.029,54448202185.0,0.16582733015356402,1.147,-0.621,-6.436,171.994,136.936,5093.59,145.964,135.83,33.711,0.6191388998567722
Bolivia,1996,8021742.0,10.027,56822874479.0,0.1764606259703682,1.25,0.999,11.062,182.021,145.953,5239.544,155.981,140.441,32.603,0.5737654122381485
Bolivia,1997,8167911.0,11.733,59637998290.0,0.19673698541903226,1.436,1.706,17.01,193.754,152.124,5391.668,163.857,148.248,36.752,0.6162514010159612
Bolivia,1998,8313400.0,11.264,62637404793.0,0.17982865090315492,1.355,-0.469,-3.996,205.018,210.302,5601.97,221.566,174.325,33.991,0.5426629681151579
Bolivia,1999,8459810.0,10.95,62904794715.0,0.17407258142420917,1.294,-0.314,-2.786,215.968,158.017,5759.987,168.967,147.371,37.984,0.6038331445495124
Bolivia,2000,8606330.0,8.442,64482327960.0,0.13091959094958208,0.981,-2.508,-22.903,224.411,108.993,5868.979,117.435,116.119,39.702,0.6157035773371604
Bolivia,2001,8752740.0,8.752,65568080847.0,0.1334795816339718,1.0,0.31,3.672,233.163,105.087,5974.067,113.839,114.616,33.025,0.5036749524065264
Bolivia,2002,8900358.0,10.415,67197818618.0,0.15499015018934226,1.17,1.663,18.997,243.578,116.838,6090.905,127.253,126.874,36.365,0.5411634000610112
Bolivia,2003,9050703.0,10.983,69019779824.0,0.1591282966709917,1.214,0.568,5.455,254.561,264.547,6355.453,275.53,239.582,50.826,0.7363975968860808
Bolivia,2004,9204297.0,11.051,71900179252.0,0.15369919957039052,1.201,0.068,0.62,265.612,169.873,6525.325,180.924,170.64,52.61,0.7317088851143105
Bolivia,2005,9360758.0,12.337,75079197602.0,0.16431981686058084,1.318,1.286,11.634,277.949,124.857,6650.182,137.194,142.932,51.818,0.6901778609128295
Bolivia,2006,9521685.0,12.369,78680753326.0,0.15720490052695862,1.299,0.032,0.258,290.318,107.92,6758.103,120.289,127.692,57.042,0.7249803489254406
Bolivia,2007,9685960.0,12.74,82272045239.0,0.15485211243977642,1.315,0.371,3.002,303.058,98.907,6857.01,111.647,122.738,61.329,0.7454415387613067
Bolivia,2008,9850859.0,13.028,87330540195.0,0.1491803436794257,1.322,0.288,2.258,316.085,112.908,6969.918,125.936,130.623,63.049,0.7219582045320933
Bolivia,2009,10016279.0,13.633,90262226066.0,0.1510377108363305,1.361,0.605,4.647,329.719,108.484,7078.402,122.117,128.916,62.141,0.688449672785184
Bolivia,2010,10182345.0,14.809,93987097739.0,0.15756418015081444,1.454,1.175,8.622,344.527,102.973,7181.375,117.781,131.919,63.442,0.6750075438671058
Bolivia,2011,10348931.0,16.051,98878273199.0,0.16233090931610575,1.551,1.243,8.391,360.578,95.688,7277.062,111.739,127.57,65.529,0.6627239521883431
Bolivia,2012,10515814.0,17.575,103943090862.0,0.169082907331796,1.671,1.523,9.491,378.153,90.07,7367.132,107.645,127.762,78.593,0.7561156720300338
Bolivia,2013,10682612.0,17.778,111007075180.0,0.1601519540189006,1.664,0.203,1.155,395.931,96.956,7464.088,114.734,129.91,79.469,0.7158913057671284
Bolivia,2014,10848889.0,19.9,117068693660.0,0.16998566719976502,1.834,2.123,11.94,415.831,69.129,7533.217,89.029,115.929,80.711,0.6894328233849364
Bolivia,2015,11014707.0,19.9,122754939247.0,0.16211160318330192,1.807,-0.001,-0.003,435.731,55.14,7588.357,75.04,107.861,84.678,0.6898133836359619
Bolivia,2016,11180020.0,21.25,127989112720.0,0.16602974697143444,1.901,1.35,6.783,456.98,41.045,7629.402,62.295,101.131,89.121,0.696317039051351
Bolivia,2017,11344591.0,22.182,133358520083.0,0.16633357948329294,1.955,0.932,4.386,479.162,91.709,7721.111,113.89,131.516,93.717,0.7027447510790625
Bolivia,2018,11508370.0,22.509,137183354525.0,0.16407967335350448,1.956,0.327,1.475,501.671,107.339,7828.45,129.848,145.075,95.832,0.6985687172603421
Bolivia,2019,11671386.0,22.609,139250324972.0,0.1623622781817288,1.937,0.1,0.446,524.28,72.83,7901.28,95.44,127.225,95.627,0.6867273022108089
Bolivia,2020,11816301.0,18.32,121538423042.0,0.15073422495920621,1.55,-4.289,-18.97,542.6,77.503,7978.783,95.823,124.737,79.274,0.652254636976862
Bolivia,2021,11937369.0,21.767,133727570900.0,0.1627712210242503,1.823,3.446,18.812,564.367,89.42,8068.203,111.186,136.508,94.914,0.7097564052141173
Bolivia,2022,12077156.0,23.488,138738901712.0,0.16929642450793916,1.945,1.722,7.909,587.855,98.59,8166.792,122.078,144.386,103.508,0.7460632794604806
Bolivia,2023,12244161.0,24.621,142230080127.0,0.1731068419424037,2.011,1.132,4.821,612.476,105.689,8272.482,130.31,152.311,109.504,0.7699074619252253
Bolivia,2024,12413318.0,28.709,140632330052.0,0.20414224801213635,2.313,4.088,16.605,641.184,110.939,8383.422,139.648,160.017,116.442,0.8279888412354726
Brazil,1990,149143223.0,218.658,1884169357425.0,0.11605007752531808,1.466,6.642,3.133,4711.567,1538.253,65729.469,1756.911,2105.299,1562.972,0.8295284040369044
Brazil,1991,151724253.0,229.394,1903617557305.0,0.12050424683241467,1.512,10.736,4.91,4940.961,1552.012,67281.477,1781.406,2189.194,1624.042,0.8531345982641586
Brazil,1992,154275077.0,233.601,1893260506241.0,0.12338555588623475,1.514,4.207,1.834,5174.562,1623.442,68904.922,1857.043,2267.928,1652.104,0.8726237063277639
Brazil,1993,156794574.0,244.306,1986497717136.0,0.12298327750017458,1.558,10.705,4.582,5418.868,1567.832,70472.75,1812.137,2282.487,1730.256,0.8710083002232532
Brazil,1994,159265011.0,254.002,2102764853268.0,0.12079429595051688,1.595,9.697,3.969,5672.87,1957.235,72429.984,2211.237,2672.895,1806.904,0.8592991257162257
Brazil,1995,161735079.0,268.678,2191581301268.0,0.12259549752708189,1.661,14.675,5.778,5941.547,1886.966,74316.953,2155.644,2645.838,1913.031,0.8728998549554894
Brazil,1996,164202549.0,289.311,2239990352767.0,0.12915725268308495,1.762,20.633,7.68,6230.858,1797.62,76114.578,2086.93,2586.919,2030.631,0.9065356006965012
Brazil,1997,166661662.0,306.949,2316034575352.0,0.13253213197533922,1.842,17.638,6.097,6537.807,1901.934,78016.5,2208.883,2696.838,2149.204,0.927967148190504
Brazil,1998,169159651.0,317.359,2323865039642.0,0.13656515958813611,1.876,10.41,3.392,6855.167,2142.159,80158.664,2459.519,2929.596,2239.432,0.9636669779863777
Brazil,1999,171641544.0,327.256,2334739277157.0,0.1401681135028053,1.907,9.896,3.118,7182.422,2175.559,82334.219,2502.814,2965.704,2269.971,0.9722588822697719
Brazil,2000,174018278.0,340.183,2437186456368.0,0.13958021107131677,1.955,12.927,3.95,7522.605,1949.836,84284.062,2290.019,2823.803,2364.255,0.9700755532358055
Brazil,2001,176301201.0,346.166,2471060823210.0,0.1400880127063475,1.963,5.983,1.759,7868.771,1852.799,86136.859,2198.965,2783.375,2304.051,0.9324137141258029
Brazil,2002,178503485.0,347.765,2546513722962.0,0.1365651387872727,1.948,1.599,0.462,8216.536,2001.901,88138.758,2349.666,2981.136,2351.535,0.9234330758935755
Brazil,2003,180622688.0,344.645,2575565089958.0,0.13381335278372644,1.908,-3.12,-0.897,8561.181,2998.516,91137.281,3343.161,3846.776,2386.334,0.9265283216115164
Brazil,2004,182675144.0,361.434,2723916728335.0,0.13268907828211302,1.979,16.789,4.871,8922.615,2322.273,93459.555,2683.707,3313.758,2503.373,0.9190343353595072
Brazil,2005,184688101.0,364.371,2811140139216.0,0.12961680384301993,1.973,2.937,0.812,9286.985,2033.341,95492.891,2397.712,3057.048,2569.063,0.9138864918760283
Brazil,2006,186653099.0,368.871,2922517194189.0,0.12621687931672268,1.976,4.5,1.235,9655.856,1787.407,97280.297,2156.278,2819.171,2641.583,0.9038725264824458
Brazil,2007,188552311.0,390.573,3099910206337.0,0.12599493985392546,2.071,21.702,5.883,10046.431,1637.143,98917.438,2027.717,2745.828,2810.543,0.9066530360313468
Brazil,2008,190367297.0,412.638,3257825690916.0,0.1266605518983365,2.168,22.064,5.649,10459.067,1434.503,100351.945,1847.141,2616.45,2936.354,0.9013232378231961
Brazil,2009,192079958.0,389.775,3253726955188.0,0.11979339550250578,2.029,-22.863,-5.541,10848.843,1232.419,101584.359,1622.195,2432.428,2925.52,0.8991289190186408
Brazil,2010,193701931.0,440.269,3498674867880.0,0.12583878657658126,2.273,50.494,12.955,11289.112,1112.989,102697.352,1553.258,2422.236,3188.735,0.9114122118847224
Brazil,2011,195284736.0,461.911,3637727009304.0,0.12697791747940335,2.365,21.642,4.916,11751.023,1058.346,103755.703,1520.257,2379.088,3316.323,0.9116470234072089
Brazil,2012,196876113.0,497.468,3707614147035.0,0.1341746957130984,2.527,35.557,7.698,12248.492,1199.12,104954.82,1696.588,2503.241,3408.335,0.919279856218497
Brazil,2013,198478290.0,531.569,3819021377420.0,0.13918984668242673,2.678,34.101,6.855,12780.061,1276.237,106231.055,1807.806,2568.796,3500.955,0.9167152141905854
Brazil,2014,200085126.0,556.526,3838267554873.0,0.14499406100375778,2.781,24.957,4.695,13336.586,1317.9,107548.961,1874.426,2628.207,3575.635,0.9315752351501484
Brazil,2015,201675534.0,528.174,3702171668999.0,0.14266599369845231,2.619,-28.352,-5.094,13864.759,1344.124,108893.078,1872.297,2617.904,3535.438,0.9549632799593861
Brazil,2016,203218108.0,491.745,3580891601337.0,0.13732473773190923,2.42,-36.429,-6.897,14356.505,1260.305,110153.383,1752.049,2512.195,3451.454,0.9638532478088218
Brazil,2017,204703440.0,497.255,3628262108190.0,0.13705046250036806,2.429,5.51,1.12,14853.759,1122.206,111275.586,1619.461,2431.265,3477.629,0.9584833995730411
Brazil,2018,206107265.0,476.601,3692978213439.0,0.12905600099822317,2.312,-20.654,-4.154,15330.359,1162.029,112437.617,1638.63,2423.189,3486.378,0.9440559349396734
Brazil,2019,207455459.0,476.724,3738061272499.0,0.12753241994915093,2.298,0.123,0.026,15807.083,1237.693,113675.312,1714.417,2468.734,3567.019,0.9542430527403706
Brazil,2020,208660845.0,447.999,3615574020935.0,0.12390812562707426,2.147,-28.724,-6.025,16255.082,1369.24,115044.547,1817.239,2571.217,3422.429,0.9465797077264506
Brazil,2021,209550291.0,496.562,3787769507585.0,0.1310961501236112,2.37,48.563,10.84,16751.645,1551.57,116596.125,2048.132,2774.466,3581.199,0.9454638126286874
Brazil,2022,210306411.0,480.058,3902034936461.0,0.12302760170450823,2.283,-16.504,-3.324,17231.701,1652.704,118248.828,2132.762,2875.004,3731.718,0.9563517653649019
Brazil,2023,211140731.0,483.992,4028525459920.0,0.12014122904652347,2.292,3.934,0.819,17715.695,1602.068,119850.891,2086.059,2817.818,3853.746,0.9566145326226955
Brazil,2024,211998565.0,483.012,4166273441898.0,0.11593382113199886,2.278,-0.98,-0.203,18198.707,1599.667,121450.562,2082.678,2804.431,3919.054,0.940661733958255
Chile,1990,13437181.0,32.908,147207604208.0,0.2235482343255989,2.449,0.89,2.781,1091.944,0.704,3707.487,33.612,59.244,155.681,1.0575608565711547
Chile,1991,13662482.0,30.892,158625323193.0,0.19474822416855594,2.261,-2.016,-6.127,1122.835,-1.889,3705.598,29.003,55.638,174.964,1.1030016927821837
Chile,1992,13884579.0,32.001,176870299108.0,0.1809291902676076,2.305,1.109,3.59,1154.836,-1.523,3704.075,30.478,57.749,194.194,1.0979457884074808
Chile,1993,14102276.0,34.098,188695112235.0,0.180704203707908,2.418,2.097,6.554,1188.934,7.289,3711.364,41.387,67.279,205.228,1.087616937021718
Chile,1994,14316263.0,37.975,198274792763.0,0.1915271198663762,2.653,3.877,11.37,1226.909,3.437,3714.801,41.412,68.795,215.481,1.0867796001560661
Chile,1995,14527382.0,41.563,216625972612.0,0.191865266656846,2.861,3.588,9.448,1268.471,4.957,3719.758,46.519,74.325,232.236,1.0720598144339746
Chile,1996,14734049.0,48.226,232038612978.0,0.20783609840217582,3.273,6.664,16.033,1316.698,6.693,3726.451,54.92,82.276,245.845,1.0595003859263243
Chile,1997,14932436.0,55.942,249190302251.0,0.22449509268483384,3.746,7.716,15.999,1372.64,15.366,3741.817,71.308,96.667,281.059,1.127888996727087
Chile,1998,15127799.0,57.258,259608666274.0,0.22055504086896668,3.785,1.316,2.353,1429.898,10.861,3752.678,68.12,93.244,281.476,1.084231909665606
Chile,1999,15319311.0,61.408,258898295450.0,0.23718966512801737,4.009,4.15,7.247,1491.306,13.314,3765.992,74.722,99.51,293.115,1.1321627262571459
Chile,2000,15503638.0,58.503,271769738740.0,0.21526679265777035,3.773,-2.905,-4.731,1549.809,22.907,3788.899,81.409,104.248,307.391,1.1310714777338715
Chile,2001,15683852.0,52.918,280341451214.0,0.1887626669935613,3.374,-5.584,-9.545,1602.727,26.265,3815.164,79.184,101.149,313.345,1.1177262536206485
Chile,2002,15857926.0,54.836,289320224789.0,0.18953393265193147,3.458,1.917,3.623,1657.563,19.525,3834.689,74.361,98.891,320.801,1.1088094523428453
Chile,2003,16024755.0,55.1,302985528618.0,0.18185687036382958,3.438,0.265,0.483,1712.663,31.45,3866.14,86.55,105.303,322.49,1.0643742672165408
Chile,2004,16187324.0,59.221,323207552891.0,0.18322901018334792,3.658,4.121,7.479,1771.884,26.067,3892.207,85.289,107.34,344.299,1.0652566653233904
Chile,2005,16348780.0,61.116,342073325521.0,0.17866344856593638,3.738,1.895,3.2,1833.001,28.604,3920.811,89.721,109.995,357.327,1.0445918267838268
Chile,2006,16509195.0,64.048,362768730332.0,0.17655325458008556,3.88,2.932,4.797,1897.049,24.862,3945.674,88.91,109.724,369.682,1.0190569613364224
Chile,2007,16671571.0,70.469,381517456258.0,0.18470714470361105,4.227,6.421,10.025,1967.518,31.682,3977.355,102.151,119.872,369.299,0.9679740571300692
Chile,2008,16838987.0,70.549,395974651300.0,0.17816544510711713,4.19,0.08,0.113,2038.067,37.2,4014.556,107.749,125.591,369.306,0.9326506097992743
Chile,2009,17009730.0,65.96,391547507252.0,0.1684597622978816,3.878,-4.589,-6.505,2104.027,34.277,4048.833,100.237,117.197,354.372,0.9050549254855201
Chile,2010,17181463.0,71.347,414459500963.0,0.17214468442447253,4.153,5.388,8.168,2175.374,38.777,4087.609,110.124,122.576,363.948,0.8781268113153731
Chile,2011,17351810.0,78.071,440255032518.0,0.17733130625101495,4.499,6.724,9.424,2253.446,35.075,4122.684,113.146,127.555,385.712,0.876110371286284
Chile,2012,17519116.0,79.621,467354226719.0,0.17036542187489978,4.545,1.549,1.985,2333.067,38.285,4160.969,117.906,131.836,402.747,0.8617596182395382
Chile,2013,17687006.0,81.733,482816679853.0,0.16928371245352317,4.621,2.112,2.653,2414.8,36.309,4197.278,118.043,131.036,413.759,0.856969150539651
Chile,2014,17864192.0,77.586,491471890512.0,0.15786457272088,4.343,-4.147,-5.074,2492.386,37.572,4234.85,115.158,126.244,409.534,0.833280616666317
Chile,2015,18047630.0,81.778,502048082999.0,0.1628887805157955,4.531,4.192,5.403,2574.165,35.25,4270.1,117.029,127.965,414.23,0.8250803339902905
Chile,2016,18267225.0,84.25,510849180433.0,0.16492147433531948,4.612,2.472,3.023,2658.415,36.109,4306.209,120.36,129.748,433.903,0.8493759344631232
Chile,2017,18558868.0,84.135,517784956121.0,0.16249023654588118,4.533,-0.116,-0.138,2742.55,32.603,4338.812,116.737,128.722,450.347,0.8697568260263618
Chile,2018,18893185.0,84.443,538444728502.0,0.15682761020788105,4.469,0.308,0.366,2826.992,29.511,4368.323,113.953,127.067,468.278,0.8696862931554554
Chile,2019,19197748.0,91.977,541913515453.0,0.16972634447604423,4.791,7.534,8.923,2918.969,27.158,4395.48,119.135,132.671,473.979,0.8746395623733213
Chile,2020,19370621.0,80.178,508641667921.0,0.1576316001158853,4.139,-11.799,-12.828,2999.147,34.086,4429.566,114.264,124.513,442.478,0.8699208655251652
Chile,2021,19456323.0,83.63,566308424865.0,0.14767571225862694,4.298,3.452,4.306,3082.778,22.742,4452.309,106.373,119.015,476.857,0.8420446863626937
Chile,2022,19553033.0,85.744,577996570020.0,0.14834690108460863,4.385,2.113,2.527,3168.522,17.542,4469.851,103.286,117.52,503.505,0.8711210863804565
Chile,2023,19658833.0,77.604,581909750325.0,0.13336088621415557,3.948,-8.14,-9.493,3246.126,12.969,4482.82,90.573,106.233,497.494,0.8549332602214462
Chile,2024,19764774.0,78.726,598233054187.0,0.13159754287898517,3.983,1.121,1.445,3324.852,9.591,4492.412,88.317,104.4,518.732,0.8671068847991991
Colombia,1990,32440064.0,56.857,324362108923.0,0.17528866176381047,1.753,3.757,7.075,1315.587,6.298,18690.955,63.155,155.272,252.481,0.7783923986631133
Colombia,1991,33098373.0,56.609,330854565533.0,0.17109934665342777,1.71,-0.248,-0.436,1372.196,30.224,18721.18,86.833,173.232,259.169,0.7833320951230761
Colombia,1992,33760571.0,61.341,344237399255.0,0.17819388634923006,1.817,4.732,8.358,1433.536,26.811,18747.99,88.152,180.611,268.506,0.7800024070048802
Colombia,1993,34441479.0,63.26,362775994368.0,0.17437758005517048,1.837,1.92,3.129,1496.797,31.603,18779.592,94.864,192.122,292.186,0.8054171294024668
Colombia,1994,35127408.0,66.982,383870191922.0,0.17449127702421427,1.907,3.722,5.883,1563.778,12.959,18792.553,79.941,191.867,316.39,0.8242109094636044
Colombia,1995,35804670.0,59.35,403840799094.0,0.1469638534124072,1.658,-7.632,-11.394,1623.128,67.706,18860.258,127.056,233.069,323.725,0.8016153908328816
Colombia,1996,36462740.0,59.628,412143179194.0,0.14467787654914094,1.635,0.278,0.469,1682.756,76.397,18936.654,136.025,232.471,336.599,0.8167040411981668
Colombia,1997,37121155.0,65.096,426280900614.0,0.152706818218311,1.754,5.467,9.169,1747.852,130.883,19067.537,195.979,288.415,342.17,0.8026866779795914
Colombia,1998,37792169.0,65.56,428709781358.0,0.15292396593408542,1.735,0.464,0.713,1813.412,145.238,19212.775,210.798,302.003,346.521,0.8082880658853754
Colombia,1999,38454861.0,55.286,410686756804.0,0.13461841436096078,1.438,-10.274,-15.671,1868.698,105.94,19318.717,161.226,253.148,322.875,0.7861831302100931
Colombia,2000,39089939.0,56.213,422698775564.0,0.13298595418213816,1.438,0.927,1.677,1924.91,4.131,19322.848,60.344,187.115,314.184,0.743281074284612
Colombia,2001,39709263.0,56.465,429791231167.0,0.13137773855153392,1.422,0.252,0.449,1981.376,-24.497,19298.352,31.968,165.278,316.865,0.7372532918822597
Colombia,2002,40324684.0,55.417,440553119642.0,0.12578959841444926,1.374,-1.048,-1.857,2036.792,31.638,19329.988,87.055,211.33,316.936,0.7194047343429253
Colombia,2003,40937426.0,57.033,457815188748.0,0.12457646972344832,1.393,1.617,2.917,2093.826,149.735,19479.725,206.768,328.652,322.863,0.705225619278693
Colombia,2004,41543177.0,54.324,482230573793.0,0.11265150521816325,1.308,-2.709,-4.751,2148.15,33.205,19512.928,87.53,211.028,339.531,0.7040843497943485
Colombia,2005,42128978.0,60.256,505516336190.0,0.11919693922087729,1.43,5.932,10.92,2208.406,-3.53,19509.4,56.727,175.419,334.302,0.6613080054337779
Colombia,2006,42691081.0,62.466,539471204741.0,0.11579116633294619,1.463,2.209,3.666,2270.872,34.087,19543.486,96.552,200.174,385.987,0.7154913860236753
Colombia,2007,43235374.0,60.67,575821824818.0,0.1053624530803013,1.403,-1.796,-2.875,2331.542,32.509,19575.994,93.178,206.941,392.271,0.6812367699400507
Colombia,2008,43758805.0,66.982,594728624564.0,0.11262615793733656,1.531,6.312,10.404,2398.524,4.279,19580.273,71.261,185.889,408.48,0.68683426882212
Colombia,2009,44271543.0,71.771,601506441278.0,0.11931875550245252,1.621,4.789,7.149,2470.295,6.432,19586.705,78.203,186.836,403.782,0.6712845819939988
Colombia,2010,44777325.0,75.431,628542104500.0,0.12000946230961684,1.685,3.66,5.1,2545.726,-8.566,19578.139,66.865,183.138,424.601,0.6755331058334851
Colombia,2011,45259614.0,75.191,672212530981.0,0.11185599276209456,1.661,-0.24,-0.318,2620.918,101.604,19679.742,176.795,289.713,443.797,0.660203402266751
Colombia,2012,45715807.0,78.675,698513758899.0,0.11263199757726725,1.721,3.483,4.633,2699.593,294.933,19974.674,373.608,477.15,471.933,0.6756244869734027
Colombia,2013,46151583.0,86.445,734375410017.0,0.11771227470429449,1.873,7.77,9.876,2786.038,133.839,20108.514,220.284,330.769,485.04,0.6604796312403377
Colombia,2014,46565426.0,92.042,767415180035.0,0.11993768483417566,1.977,5.597,6.474,2878.079,94.442,20202.957,186.484,281.307,510.586,0.6653321608476827
Colombia,2015,46969938.0,91.027,790099215895.0,0.11520958149146804,1.938,-1.015,-1.103,2969.106,80.459,20283.414,171.486,253.915,504.402,0.6384033673905485
Colombia,2016,47437513.0,91.583,806591608674.0,0.11354320949427964,1.931,0.556,0.611,3060.689,46.063,20329.479,137.646,231.966,548.829,0.6804298409479488
Colombia,2017,48131076.0,83.459,817556099366.0,0.10208351459272452,1.734,-8.124,-8.871,3144.147,146.238,20475.715,229.697,309.855,555.225,0.6791277080931412
Colombia,2018,49024463.0,90.811,838520888947.0,0.1082990313026535,1.852,7.352,8.809,3234.958,114.289,20590.004,205.099,306.718,571.28,0.6812948938188094
Colombia,2019,49907987.0,98.962,865243337113.0,0.11437476112812373,1.983,8.151,8.976,3333.92,65.281,20655.287,164.242,275.532,573.736,0.663092075247117
Colombia,2020,50629997.0,92.305,803067693827.0,0.11494049718289963,1.823,-6.657,-6.727,3426.225,31.975,20687.26,124.28,244.111,517.813,0.6447937128841212
Colombia,2021,51188174.0,103.734,889808627041.0,0.11658012391379098,2.027,11.428,12.381,3529.959,11.648,20698.908,115.381,250.341,565.815,0.6358839224582262
Colombia,2022,51737944.0,89.437,955016270619.0,0.09364971336250724,1.729,-14.297,-13.782,3619.396,13.365,20712.273,102.802,237.231,627.227,0.6567710093498813
Colombia,2023,52321152.0,89.992,963055784346.0,0.09344422354631567,1.72,0.555,0.621,3709.388,11.593,20723.865,101.586,239.276,615.308,0.6389121066521068
Colombia,2024,52886360.0,92.659,977437166558.0,0.09479790944137556,1.752,2.667,2.964,3802.047,14.531,20738.398,107.191,248.28,615.888,0.630104953107954
Ecuador,1990,10473674.0,16.501,95360865487.0,0.17303743957996573,1.575,-3.693,-18.288,318.704,61.543,4095.405,78.044,100.662,80.982,0.8492162858047866
Ecuador,1991,10702377.0,16.198,99453126801.0,0.16287069618646852,1.514,-0.302,-1.832,334.903,40.451,4135.856,56.65,82.521,89.439,0.8993080748377305
Ecuador,1992,10930128.0,21.998,101555874853.0,0.2166098222465381,2.013,5.799,35.8,356.9,32.742,4168.599,54.74,84.647,88.979,0.8761580768103789
Ecuador,1993,11154283.0,24.121,103559793795.0,0.23291857888157164,2.163,2.124,9.655,381.022,56.418,4225.017,80.539,109.915,92.231,0.8906062538379932
Ecuador,1994,11372197.0,14.338,107969629156.0,0.13279660319369746,1.261,-9.783,-40.558,395.36,32.705,4257.722,47.043,80.881,100.323,0.9291779622123943
Ecuador,1995,11590519.0,23.534,110401697583.0,0.21316701205891456,2.03,9.195,64.13,418.894,25.255,4282.977,48.789,83.241,94.818,0.8588454894791434
Ecuador,1996,11810954.0,25.337,112313576360.0,0.22559160540651846,2.145,1.804,7.664,444.231,21.006,4303.983,46.343,81.505,107.914,0.9608277422677916
Ecuador,1997,12031129.0,19.461,117174356049.0,0.16608582847139178,1.618,-5.876,-23.191,463.693,37.985,4341.968,57.447,93.902,120.221,1.02600094469242
Ecuador,1998,12251188.0,23.117,121001890775.0,0.19104660143687743,1.887,3.655,18.782,486.809,34.374,4376.342,57.491,93.718,120.844,0.9986951379520705
Ecuador,1999,12470800.0,21.997,115267144281.0,0.1908349524681151,1.764,-1.12,-4.844,508.806,30.42,4406.763,52.417,88.811,110.231,0.9563089351053687
Ecuador,2000,12689215.0,20.949,116525632861.0,0.17978018643322405,1.651,-1.048,-4.763,529.755,12.773,4419.535,33.722,70.151,104.129,0.8936145416537872
Ecuador,2001,12910736.0,23.436,121427017763.0,0.19300482241721642,1.815,2.487,11.87,553.191,3.664,4423.199,27.1,66.875,105.483,0.8686946442667367
Ecuador,2002,13138473.0,24.861,127411057156.0,0.19512435227313593,1.892,1.425,6.082,578.053,-1.802,4421.397,23.06,62.31,104.109,0.8171111858253453
Ecuador,2003,13372304.0,27.113,131086229565.0,0.20683331948727562,2.028,2.251,9.055,605.165,64.621,4486.018,91.733,127.521,106.607,0.8132585730306492
Ecuador,2004,13608700.0,29.31,140042561662.0,0.20929351514392608,2.154,2.198,8.106,634.476,12.285,4498.303,41.595,81.361,114.056,0.8144381154300796
Ecuador,2005,13846162.0,30.652,147602930821.0,0.20766525318641593,2.214,1.341,4.577,665.127,4.643,4502.946,35.295,72.371,120.725,0.8179038134846034
Ecuador,2006,14086138.0,29.781,154010568863.0,0.1933698461077153,2.114,-0.871,-2.841,694.908,5.002,4507.947,34.783,70.386,127.686,0.8290729716970463
Ecuador,2007,14328783.0,34.393,156940509968.0,0.21914673277799782,2.4,4.612,15.485,729.301,25.145,4533.092,59.537,92.255,134.253,0.8554387903249073
Ecuador,2008,14575201.0,30.488,167243529966.0,0.18229703717804868,2.092,-3.905,-11.354,759.789,17.742,4550.834,48.23,82.088,143.285,0.8567446527176825
Ecuador,2009,14825960.0,33.815,169068178569.0,0.20000806944400504,2.281,3.327,10.913,793.603,8.49,4559.324,42.304,77.756,139.805,0.8269149238095261
Ecuador,2010,15076697.0,36.469,175880168594.0,0.20735140460426024,2.419,2.655,7.851,830.073,8.007,4567.332,44.477,81.584,155.194,0.8823848717034622
Ecuador,2011,15326232.0,38.48,190797403873.0,0.20167989301161218,2.511,2.011,5.514,868.553,31.585,4598.916,70.065,107.057,164.644,0.8629257875520758
Ecuador,2012,15572195.0,37.493,201831622871.0,0.18576375429515088,2.408,-0.988,-2.567,906.046,8.708,4607.624,46.201,80.43,173.933,0.8617727862752641
Ecuador,2013,15807132.0,39.685,216386178602.0,0.1833989594732517,2.511,2.192,5.847,945.731,10.887,4618.512,50.572,90.648,179.509,0.829577014390423
Ecuador,2014,16035127.0,43.76,225530799602.0,0.19403114819450112,2.729,4.075,10.268,989.491,69.717,4688.229,113.477,145.965,188.563,0.8360853609917669
Ecuador,2015,16266229.0,41.298,225800742173.0,0.18289576731487903,2.539,-2.462,-5.626,1030.788,17.89,4706.119,59.188,95.883,188.046,0.8327961998279273
Ecuador,2016,16505142.0,39.375,224247336380.0,0.17558736989088156,2.386,-1.923,-4.657,1070.163,17.432,4723.551,56.807,88.937,187.404,0.8357022340833211
Ecuador,2017,16759515.0,39.196,237635796682.0,0.16494147997597933,2.339,-0.179,-0.454,1109.359,10.318,4733.869,49.514,84.039,195.11,0.8210463352922066
Ecuador,2018,17049542.0,38.451,240117414491.0,0.1601341580389256,2.255,-0.745,-1.9,1147.81,31.582,4765.451,70.033,100.005,206.38,0.8594961778906521
Ecuador,2019,17340017.0,40.083,240514579415.0,0.16665517781705075,2.312,1.631,4.243,1187.893,26.201,4791.652,66.284,97.606,211.333,0.8786702266200331
Ecuador,2020,17546058.0,32.473,218278775193.0,0.14876847266202445,1.851,-7.609,-18.984,1220.366,12.582,4804.235,45.056,76.739,182.862,0.8377452175014046
Ecuador,2021,17682454.0,38.185,238844767157.0,0.159873714021542,2.159,5.712,17.589,1258.551,8.956,4813.191,47.141,79.062,212.597,0.8901053287897803
Ecuador,2022,17823900.0,42.066,252861189718.0,0.16636004934926366,2.36,3.881,10.163,1300.617,7.367,4820.558,49.433,80.527,222.718,0.8807915530587482
Ecuador,2023,17980079.0,44.6,257495732292.0,0.17320675415864223,2.481,2.534,6.024,1345.216,-11.837,4808.721,32.762,62.182,232.234,0.9018945593111687
Ecuador,2024,18135478.0,45.98,252489782930.0,0.1821063785885841,2.535,1.38,3.094,1391.196,-12.177,4796.544,33.803,63.137,230.721,0.9137835096636954
Guyana,1990,749891.0,1.129,3805285434.0,0.29669259233813366,1.505,-0.055,-4.644,46.203,2.157,647.839,3.285,5.609,2.716,0.7137440928169805
Guyana,1991,747870.0,1.107,4035804534.0,0.2742947510648691,1.48,-0.022,-1.948,47.31,2.044,649.883,3.15,5.784,3.203,0.7936459689799238
Guyana,1992,749919.0,1.041,4348897640.0,0.23937100529227445,1.388,-0.066,-5.96,48.35,15.379,665.262,16.42,14.166,3.559,0.8183683072384292
Guyana,1993,752969.0,1.044,4704424609.0,0.22191874389967506,1.387,0.004,0.352,49.394,7.246,672.508,8.291,9.038,4.543,0.965686641318222
Guyana,1994,755821.0,1.458,5105826025.0,0.28555614563855025,1.929,0.414,39.649,50.853,12.49,684.998,13.948,13.113,4.541,0.889376171018283
Guyana,1995,758395.0,1.565,5362722933.0,0.2918293597399245,2.063,0.106,7.286,52.417,10.602,695.6,12.166,12.271,3.854,0.7186647619410026
Guyana,1996,760535.0,1.656,5789355296.0,0.2860422128771694,2.178,0.092,5.855,54.073,8.946,704.546,10.603,11.149,4.201,0.725642111290452
Guyana,1997,762250.0,1.806,6147175988.0,0.293793443286075,2.37,0.15,9.071,55.88,6.862,711.408,8.668,9.764,4.47,0.7271631735818135
Guyana,1998,763596.0,1.828,6043958480.0,0.30245078718674456,2.394,0.022,1.217,57.708,12.507,723.915,14.335,14.184,5.781,0.9564923417541412
Guyana,1999,764490.0,1.836,6222868826.0,0.295040768387876,2.401,0.007,0.401,59.544,10.92,734.835,12.755,14.142,6.942,1.1155626438718058
Guyana,2000,764836.0,1.748,6138001098.0,0.28478326609774746,2.285,-0.088,-4.79,61.291,9.156,743.991,10.904,12.615,6.832,1.1130659462127062
Guyana,2001,764484.0,1.74,6277918162.0,0.27716194367300834,2.277,-0.007,-0.419,63.032,5.892,749.883,7.632,9.91,6.656,1.0602240787859445
Guyana,2002,763657.0,1.711,6349023556.0,0.26949025860568093,2.241,-0.029,-1.684,64.743,5.764,755.647,7.475,9.683,6.727,1.0595330038810145
Guyana,2003,763107.0,1.869,6308883417.0,0.29624893605796676,2.449,0.158,9.208,66.612,19.857,775.504,21.725,20.318,6.948,1.1013042309955876
Guyana,2004,762424.0,1.927,6407513479.0,0.3007406861203733,2.528,0.059,3.137,68.539,12.35,787.854,14.277,15.246,6.771,1.0567281711058887
Guyana,2005,760922.0,1.616,6282505608.0,0.25722221368847203,2.124,-0.311,-16.16,70.155,7.172,795.026,8.788,10.569,6.125,0.974929491857606
Guyana,2006,758976.0,1.51,6604773603.0,0.2286225222487766,1.989,-0.106,-6.576,71.664,7.384,802.41,8.893,10.752,5.472,0.8284916832750369
Guyana,2007,756874.0,1.781,7079738476.0,0.2515629646543458,2.353,0.271,17.961,73.445,5.759,808.169,7.539,9.871,6.79,0.9590749747349848
Guyana,2008,754614.0,1.704,7204003710.0,0.2365351363762693,2.258,-0.077,-4.321,75.149,4.738,812.907,6.442,8.895,6.452,0.8956130867955925
Guyana,2009,752097.0,1.905,7464176914.0,0.25521903110668953,2.533,0.202,11.828,77.054,4.67,817.577,6.575,9.018,6.645,0.8902522108682163
Guyana,2010,749259.0,1.883,7773077517.0,0.24224639415750213,2.514,-0.022,-1.154,78.937,3.053,820.63,4.936,7.523,7.248,0.932449211287082
Guyana,2011,746161.0,1.957,8176986178.0,0.23933023211721516,2.622,0.073,3.891,80.894,2.898,823.528,4.855,7.656,7.54,0.9221001278302515
Guyana,2012,746296.0,1.957,8608431004.0,0.22733527156001587,2.622,0.0,0.0,82.85,4.219,827.747,6.176,9.136,8.486,0.9857777794881425
Guyana,2013,750020.0,1.902,8922930074.0,0.21315868041397362,2.535,-0.055,-2.809,84.752,3.039,830.786,4.941,8.059,8.258,0.9254807480854857
Guyana,2014,754231.0,1.975,9073414794.0,0.2176688760339727,2.618,0.073,3.854,86.727,4.961,835.747,6.936,10.395,8.269,0.9113437650252761
Guyana,2015,758783.0,1.964,9135785864.0,0.21497876912146505,2.588,-0.011,-0.557,88.691,6.088,841.835,8.052,11.558,8.438,0.9236205976817323
Guyana,2016,763553.0,2.209,9483626915.0,0.23292776274297375,2.893,0.245,12.488,90.9,0.947,842.782,3.156,6.248,9.462,0.9977195523196095
Guyana,2017,768483.0,2.158,9837792161.0,0.21935816133166222,2.808,-0.051,-2.311,93.058,2.351,845.133,4.51,7.708,9.357,0.9511280424376105
Guyana,2018,791563.0,2.319,10274679940.0,0.22570046108900985,2.93,0.161,7.47,95.377,1.038,846.172,3.358,6.648,10.151,0.9879626479148508
Guyana,2019,807668.0,2.645,10824667122.0,0.24434931533592522,3.275,0.326,14.051,98.023,3.433,849.605,6.078,9.475,11.607,1.0722731580733778
Guyana,2020,807486.0,3.1,15531194686.0,0.1995982963753829,3.839,0.455,17.203,101.123,4.701,854.306,7.801,11.624,11.237,0.7235116310871541
Guyana,2021,815484.0,2.933,18646751960.0,0.15729280929417158,3.596,-0.167,-5.402,104.056,3.264,857.57,6.197,10.165,11.855,0.6357675602394831
Guyana,2022,821638.0,4.397,30456604136.0,0.14436934532706827,5.351,1.464,49.914,108.452,3.491,861.061,7.887,12.799,14.262,0.4682728230736065
Guyana,2023,826357.0,4.379,40749416889.0,0.10746166041904953,5.299,-0.018,-0.403,112.831,3.477,864.537,7.855,12.786,16.439,0.4034168156265712
Guyana,2024,831092.0,4.51,58605514975.0,0.07695521491320195,5.427,0.131,3.001,117.342,3.477,868.014,7.987,13.388,16.447,0.28063911744510694
Paraguay,1990,4035752.0,2.13,40200970637.0,0.05298379532258357,0.528,-0.088,-3.973,34.706,36.84,2365.641,38.97,59.28,11.982,0.29805250495549124
Paraguay,1991,4144370.0,2.098,41605451910.0,0.05042608369062659,0.506,-0.032,-1.499,36.804,59.508,2425.149,61.606,73.725,11.316,0.27198358581655413
Paraguay,1992,4253608.0,2.571,42311258450.0,0.060763969075469555,0.604,0.473,22.548,39.375,37.693,2462.843,40.264,61.115,12.531,0.2961623090177787
Paraguay,1993,4362706.0,2.905,44399894240.0,0.0654280837764446,0.666,0.335,13.014,42.28,45.805,2508.648,48.711,67.58,13.54,0.3049556813538932
Paraguay,1994,4471423.0,3.393,46761044057.0,0.07256039869135636,0.759,0.488,16.794,45.674,87.987,2596.635,91.38,106.287,15.341,0.32807222998057706
Paraguay,1995,4579803.0,3.925,49951461389.0,0.07857627966945406,0.857,0.532,15.67,49.599,59.167,2655.801,63.092,86.968,17.499,0.35032008100274564
Paraguay,1996,4687540.0,3.706,50737590062.0,0.07304249168065266,0.791,-0.219,-5.574,53.305,40.787,2696.589,44.494,72.267,15.477,0.3050401089426501
Paraguay,1997,4794415.0,4.092,52890140490.0,0.07736791700853354,0.853,0.385,10.395,57.397,73.802,2770.391,77.894,96.291,16.989,0.32121298681768734
Paraguay,1998,4900028.0,4.374,52926125755.0,0.08264349482612153,0.893,0.282,6.895,61.771,65.552,2835.942,69.926,94.261,19.361,0.36581177488078165
Paraguay,1999,5003139.0,4.362,52203112689.0,0.08355823580840115,0.872,-0.011,-0.259,66.133,51.169,2887.112,55.532,79.484,22.33,0.42775227088528145
Paraguay,2000,5100875.0,3.592,50995059280.0,0.07043819638050237,0.704,-0.77,-17.649,69.726,57.797,2944.909,61.39,81.532,19.864,0.38952793232246635
Paraguay,2001,5187690.0,3.687,50569732583.0,0.07290922478082189,0.711,0.095,2.639,73.413,58.075,3002.984,61.762,83.165,20.341,0.4022366534490638
Paraguay,2002,5261334.0,3.853,50558908437.0,0.07620813263405622,0.732,0.166,4.502,77.266,52.236,3055.22,56.089,79.914,21.452,0.42429713502875005
Paraguay,2003,5326437.0,4.026,52743430191.0,0.07633178171045436,0.756,0.173,4.48,81.292,52.237,3107.457,56.263,83.454,22.178,0.42048838916404785
Paraguay,2004,5388181.0,4.058,54883451813.0,0.07393849814378474,0.753,0.032,0.786,85.35,49.512,3156.969,53.569,78.72,22.61,0.4119638844334581
Paraguay,2005,5448100.0,3.772,56054385134.0,0.06729179155177423,0.692,-0.285,-7.026,89.122,49.059,3206.027,52.831,77.945,21.862,0.39001408984753133
Paraguay,2006,5505145.0,3.901,58748985119.0,0.06640114705127695,0.709,0.128,3.394,93.023,48.805,3254.832,52.706,77.889,23.718,0.4037176123461129
Paraguay,2007,5559385.0,4.041,61934133534.0,0.06524673502991063,0.727,0.141,3.607,97.064,61.146,3315.979,65.187,87.307,24.914,0.4022660619983156
Paraguay,2008,5613577.0,4.27,65957555770.0,0.06473860272945647,0.761,0.228,5.651,101.333,47.439,3363.417,51.708,77.816,26.084,0.3954664434649046
Paraguay,2009,5671243.0,4.525,65785315971.0,0.06878434698093942,0.798,0.255,5.982,105.858,56.29,3419.707,60.815,83.524,27.355,0.4158222788206846
Paraguay,2010,5737973.0,5.011,73084348919.0,0.0685646116318794,0.873,0.486,10.738,110.869,51.071,3470.778,56.082,83.436,30.518,0.41757230448646887
Paraguay,2011,5814632.0,5.192,76217015408.0,0.06812127150619217,0.893,0.181,3.606,116.061,51.466,3522.244,56.657,84.317,31.609,0.4147236654543968
Paraguay,2012,5897011.0,5.159,75677366080.0,0.06817097723176996,0.875,-0.032,-0.624,121.22,46.85,3569.093,52.009,83.936,33.952,0.4486414070504077
Paraguay,2013,5982447.0,5.169,81953347934.0,0.06307246903644233,0.864,0.01,0.193,126.389,47.462,3616.555,52.631,86.775,34.457,0.4204465207174876
Paraguay,2014,6069819.0,5.451,86297890485.0,0.06316492754764931,0.898,0.282,5.459,131.84,41.273,3657.828,46.724,87.517,36.415,0.4219685996418363
Paraguay,2015,6159106.0,6.045,88849850007.0,0.06803613061275564,0.982,0.594,10.901,137.886,43.327,3701.156,49.373,89.516,42.121,0.47406945534158484
Paraguay,2016,6249129.0,7.187,92641984558.0,0.07757821720129995,1.15,1.141,18.874,145.072,38.882,3740.037,46.068,86.512,47.862,0.5166340102530428
Paraguay,2017,6338658.0,7.939,97098137069.0,0.08176263973384348,1.253,0.753,10.477,153.012,35.394,3775.432,43.334,85.337,49.088,0.5055503790470978
Paraguay,2018,6427382.0,8.504,100209404457.0,0.08486229457285198,1.323,0.564,7.105,161.515,25.566,3800.998,34.07,78.359,51.83,0.5172169247073045
Paraguay,2019,6515059.0,8.268,99806707853.0,0.08284012345320015,1.269,-0.235,-2.766,169.784,20.508,3821.506,28.776,74.159,51.456,0.5155565302863893
Paraguay,2020,6603741.0,7.444,98988507043.0,0.07520064927099437,1.127,-0.825,-9.974,177.227,17.325,3838.831,24.769,71.545,49.929,0.5043918884271196
Paraguay,2021,6684184.0,8.187,102942716900.0,0.07952966704728578,1.225,0.743,9.984,185.414,15.405,3854.236,23.592,70.505,54.57,0.5301006389117363
Paraguay,2022,6760460.0,7.533,102913813496.0,0.07319717095405068,1.114,-0.654,-7.983,192.948,15.535,3869.771,23.068,67.266,52.276,0.5079590214780239
Paraguay,2023,6844150.0,7.646,108353679035.0,0.07056520893517808,1.117,0.112,1.491,200.593,15.398,3885.169,23.044,67.378,45.374,0.4187582775601321
Paraguay,2024,6929152.0,7.937,113412870267.0,0.06998323895087458,1.145,0.291,3.806,208.53,15.269,3900.438,23.206,66.211,54.795,0.48314622380158406
Peru,1990,22014772.0,21.401,139050289092.0,0.1539083459642463,0.972,-0.361,-1.66,833.6,48.93,4120.712,70.331,113.368,107.017,0.7696280295339352
Peru,1991,22483784.0,20.758,142136175291.0,0.14604304609647384,0.923,-0.643,-3.004,854.358,53.948,4174.661,74.706,119.079,106.149,0.7468119905624147
Peru,1992,22946345.0,20.986,141367916294.0,0.1484495248296356,0.915,0.228,1.098,875.344,70.313,4244.974,91.298,129.202,103.355,0.7311064823580953
Peru,1993,23413783.0,23.885,148780651849.0,0.1605383475819241,1.02,2.899,13.814,899.229,77.521,4322.495,101.406,138.536,112.954,0.7591981793078775
Peru,1994,23881497.0,24.177,167093119290.0,0.1446917748781707,1.012,0.292,1.222,923.405,61.743,4384.238,85.92,123.185,122.811,0.7349853813361054
Peru,1995,24348922.0,25.143,179477050458.0,0.1400903343120395,1.033,0.967,3.998,948.548,54.472,4438.71,79.615,120.356,133.322,0.74283592058027
Peru,1996,24811174.0,24.717,184500564784.0,0.13396706958017657,0.996,-0.426,-1.694,973.265,48.07,4486.78,72.787,115.396,137.438,0.7449191288975322
Peru,1997,25274149.0,27.747,196450342420.0,0.14124180013226165,1.098,3.03,12.259,1001.012,49.302,4536.082,77.049,120.198,134.768,0.6860156024155634
Peru,1998,25738101.0,28.066,195681165551.0,0.14342719147737912,1.09,0.319,1.148,1029.078,77.642,4613.724,105.707,143.985,139.044,0.7105640423209828
Peru,1999,26186499.0,29.562,198606424121.0,0.14884714898239895,1.129,1.497,5.332,1058.641,69.13,4682.854,98.693,138.571,142.633,0.7181691157839967
Peru,2000,26598328.0,28.678,203957618808.0,0.1406076427426654,1.078,-0.885,-2.993,1087.318,76.125,4758.979,104.803,144.085,147.359,0.7224981388840377
Peru,2001,26964610.0,25.26,205217857282.0,0.12308870355901332,0.937,-3.417,-11.917,1112.578,68.583,4827.562,93.843,133.571,146.076,0.7118094006764224
Peru,2002,27288211.0,25.592,216409472515.0,0.1182573003971725,0.938,0.332,1.313,1138.17,53.855,4881.417,79.446,121.641,149.577,0.6911758448541682
Peru,2003,27580485.0,24.914,225422977115.0,0.11052112042371826,0.903,-0.678,-2.648,1163.084,133.947,5015.364,158.861,186.742,147.672,0.6550885002493105
Peru,2004,27852190.0,28.504,236599906394.0,0.12047342044393489,1.023,3.589,14.407,1191.588,91.507,5106.871,120.01,154.495,157.396,0.6652411761224241
Peru,2005,28101175.0,30.321,251470353240.0,0.12057484951739833,1.079,1.817,6.376,1221.909,77.917,5184.788,108.238,146.384,163.73,0.65109066691348
Peru,2006,28324488.0,28.299,270403302261.0,0.10465478699178422,0.999,-2.022,-6.668,1250.208,63.288,5248.076,91.587,132.269,165.593,0.6123926690812581
Peru,2007,28530704.0,34.567,293437304088.0,0.11780029164128898,1.212,6.268,22.148,1284.775,59.951,5308.026,94.517,137.747,180.285,0.6143901865521967
Peru,2008,28719038.0,35.572,320218060068.0,0.11108680126425755,1.239,1.005,2.909,1320.348,47.412,5355.438,82.984,129.042,194.644,0.6078482892522249
Peru,2009,28896819.0,39.424,323727085331.0,0.12178159254018024,1.364,3.851,10.827,1359.771,42.476,5397.914,81.9,131.065,198.44,0.6129854713797018
Peru,2010,29086021.0,42.505,350701512336.0,0.12119993357564088,1.461,3.081,7.816,1402.276,38.787,5436.701,81.292,131.759,225.286,0.642386736513865
Peru,2011,29304083.0,42.327,372891071777.0,0.11351036054119529,1.444,-0.178,-0.419,1444.603,38.336,5475.037,80.662,133.391,248.556,0.6665646319058127
Peru,2012,29550367.0,45.509,395785557036.0,0.11498398360165674,1.54,3.182,7.517,1490.112,34.342,5509.379,79.851,132.431,256.725,0.6486467114226928
Peru,2013,29817908.0,42.718,418948978837.0,0.10196468342895816,1.433,-2.791,-6.133,1532.83,39.008,5548.387,81.726,134.482,262.581,0.6267612842234952
Peru,2014,30115825.0,49.388,428929002821.0,0.11514259860066055,1.64,6.67,15.615,1582.218,73.122,5621.509,122.51,165.699,268.829,0.6267447485060536
Peru,2015,30457598.0,49.204,442878823892.0,0.11110036729143509,1.615,-0.184,-0.372,1631.422,39.319,5660.828,88.524,140.581,281.669,0.6359956376435093
Peru,2016,30866497.0,52.698,460387235322.0,0.11446451151744559,1.707,3.494,7.1,1684.12,40.89,5701.719,93.588,147.234,298.938,0.6493186106494013
Peru,2017,31324639.0,54.726,471983632178.0,0.11594893608378583,1.747,2.029,3.85,1738.846,28.489,5730.207,83.215,140.19,303.59,0.6432214579117155
Peru,2018,31897590.0,56.014,490718320812.0,0.11414695075438121,1.756,1.287,2.352,1794.859,24.789,5754.996,80.802,138.837,318.425,0.6488956831142899
Peru,2019,32449302.0,58.668,501713511404.0,0.11693526019624804,1.808,2.655,4.739,1853.528,24.802,5779.798,83.471,143.434,326.585,0.6509392164585748
Peru,2020,32838577.0,47.237,446859635445.0,0.1057088093288166,1.438,-11.432,-19.485,1900.764,18.744,5798.542,65.98,126.964,287.882,0.6442336187141092
Peru,2021,33155883.0,59.962,506813209118.0,0.11831183347480433,1.808,12.725,26.939,1960.726,17.606,5816.148,77.568,140.232,327.493,0.6461808692199075
Peru,2022,33475436.0,64.785,521096217783.0,0.12432444870858457,1.935,4.823,8.043,2025.511,16.799,5832.948,81.584,144.244,338.069,0.6487650235465382
Peru,2023,33845616.0,66.065,519268734314.0,0.12722699372084806,1.952,1.28,1.976,2091.576,17.137,5850.084,83.201,147.442,343.3,0.6611220304906855
Peru,2024,34217850.0,70.247,537522457938.0,0.13068663264689598,2.053,4.182,6.33,2161.823,16.682,5866.767,86.929,151.071,374.393,0.6965160143005299
Suriname,1990,412500.0,1.738,7069161061.0,0.24585661367774006,4.214,-0.114,-6.172,50.907,1.372,90.781,3.11,4.436,7.658,1.0832968627986959
Suriname,1991,415021.0,2.024,7260028349.0,0.27878679017538366,4.877,0.286,16.436,52.931,1.403,92.184,3.427,4.907,7.454,1.0267177539364178
Suriname,1992,417602.0,2.031,7289068463.0,0.2786364280030498,4.864,0.007,0.358,54.962,3.947,96.132,5.979,6.602,7.155,0.9816069140136982
Suriname,1993,419357.0,2.039,6800701010.0,0.2998220326113117,4.861,0.007,0.357,57.001,2.506,98.638,4.545,5.561,7.396,1.0875349451658956
Suriname,1994,422382.0,2.043,7031924770.0,0.2905321184202601,4.837,0.005,0.225,59.044,3.098,101.735,5.141,5.915,7.383,1.0499259081237298
Suriname,1995,429611.0,2.061,7031924770.0,0.29309187276757515,4.798,0.018,0.892,61.105,3.225,104.96,5.286,6.069,7.344,1.0443797737045473
Suriname,1996,438834.0,2.083,7102244104.0,0.293287581994943,4.747,0.022,1.062,63.188,2.055,107.015,4.138,5.283,7.21,1.015172091302707
Suriname,1997,448068.0,2.105,7507071853.0,0.28040227151399827,4.698,0.022,1.051,65.294,1.909,108.924,4.014,5.028,7.462,0.9939960807778884
Suriname,1998,457413.0,2.105,7679734630.0,0.27409801268094075,4.602,-0.0,-0.004,67.399,3.189,112.113,5.294,5.973,7.452,0.9703460287403186
Suriname,1999,466925.0,2.123,7572218309.0,0.2803669827475388,4.547,0.018,0.866,69.522,2.044,114.156,4.167,5.283,7.469,0.9863688149511856
Suriname,2000,476647.0,2.193,7731234807.0,0.28365455903815234,4.601,0.07,3.274,71.715,2.688,116.844,4.881,5.898,6.95,0.8989508368970173
Suriname,2001,486566.0,2.363,8055946702.0,0.29332368837710315,4.857,0.171,7.782,74.078,1.507,118.351,3.871,5.222,6.786,0.8423590983186721
Suriname,2002,496566.0,1.561,8281513265.0,0.18849212095055431,3.143,-0.803,-33.961,75.639,4.177,122.528,5.738,6.051,7.69,0.9285742537538518
Suriname,2003,506421.0,1.539,8803248554.0,0.17482182748330022,3.038,-0.022,-1.417,77.178,4.014,126.542,5.553,6.064,6.634,0.7535854473841543
Suriname,2004,513928.0,1.553,9551524697.0,0.1625918425869511,3.022,0.014,0.94,78.731,1.9,128.442,3.453,4.622,7.717,0.8079338372462986
Suriname,2005,519321.0,1.586,9981343329.0,0.15889644787510745,3.054,0.033,2.111,80.317,1.634,130.076,3.22,4.345,7.773,0.7787528936527177
Suriname,2006,525003.0,1.74,10559616805.0,0.1647787066644413,3.314,0.154,9.714,82.057,0.978,131.054,2.718,4.045,8.555,0.8101619744335031
Suriname,2007,531026.0,1.758,11099370327.0,0.15838736326542247,3.311,0.018,1.034,83.815,1.377,132.431,3.135,4.429,7.9,0.7117520874839803
Suriname,2008,537252.0,1.941,11559262393.0,0.16791728866501213,3.613,0.183,10.406,85.756,4.952,137.383,6.893,7.215,9.651,0.8349148649696199
Suriname,2009,543580.0,1.989,11907623766.0,0.16703584519349854,3.659,0.048,2.48,87.745,2.031,139.414,4.02,5.318,9.867,0.8286288006657868
Suriname,2010,549931.0,2.375,12523108019.0,0.1896494062333936,4.319,0.386,19.422,90.12,2.375,141.789,4.75,5.971,11.553,0.9225345643007984
Suriname,2011,556279.0,2.758,13255630651.0,0.20806252622857574,4.958,0.383,16.105,92.878,1.209,142.998,3.967,5.594,9.307,0.7021167264718471
Suriname,2012,562640.0,2.494,13612253476.0,0.18321727584614955,4.432,-0.264,-9.578,95.372,4.652,147.65,7.146,7.901,10.661,0.7831914105035286
Suriname,2013,569024.0,3.151,14011560990.0,0.22488572131605158,5.538,0.658,26.371,98.523,4.171,151.821,7.323,8.304,9.943,0.7096282853206922
Suriname,2014,575380.0,3.201,14047360953.0,0.22787198326504055,5.563,0.05,1.571,101.724,2.488,154.309,5.689,7.305,9.999,0.7118062982402813
Suriname,2015,581634.0,2.714,13567918528.0,0.20003068225971,4.666,-0.487,-15.224,104.438,1.847,156.156,4.56,6.324,9.574,0.705635133365683
Suriname,2016,587765.0,2.914,12901508432.0,0.22586506185372232,4.957,0.2,7.367,107.351,1.919,158.075,4.832,6.74,9.164,0.7103045390622894
Suriname,2017,593720.0,2.43,13103550934.0,0.1854459155567396,4.093,-0.483,-16.59,109.782,1.908,159.983,4.338,6.296,10.282,0.7846727998989286
Suriname,2018,599519.0,2.093,13751950156.0,0.15219659584694034,3.491,-0.337,-13.871,111.875,1.748,161.731,3.841,5.794,8.479,0.6165670980344993
Suriname,2019,605779.0,2.632,13912516519.0,0.1891821653117564,4.345,0.539,25.762,114.507,1.778,163.508,4.41,6.456,10.125,0.7277619391267226
Suriname,2020,612320.0,2.922,11689965333.0,0.24995796965722275,4.772,0.29,10.998,117.429,1.178,164.686,4.1,6.322,9.39,0.8032530236417939
Suriname,2021,617905.0,2.647,11405269573.0,0.23208570240779874,4.284,-0.275,-9.406,120.076,0.782,165.468,3.429,5.814,10.8,0.9469307087284573
Suriname,2022,623172.0,2.828,11679705719.0,0.24212938819165122,4.537,0.181,6.822,122.903,0.575,166.042,3.402,5.806,11.411,0.9769937937252235
Suriname,2023,628892.0,2.869,11961956571.0,0.23984370641801755,4.561,0.041,1.45,125.772,0.368,166.41,3.236,5.674,9.812,0.8202671479169008
Suriname,2024,634438.0,2.988,12167816758.0,0.24556582823582326,4.709,0.119,4.155,128.76,0.175,166.585,3.162,5.64,9.849,0.8094303354399677
Uruguay,1990,3104404.0,3.977,43650514353.0,0.09111003750925262,1.281,-0.886,-18.216,264.642,-3.668,398.517,0.309,25.558,25.218,0.5777251510958845
Uruguay,1991,3122357.0,4.537,45195222468.0,0.10038671683079721,1.453,0.56,14.077,269.179,-2.769,395.748,1.768,27.255,22.54,0.4987252804421797
Uruguay,1992,3139704.0,5.151,48779921496.0,0.10559672590744917,1.641,0.615,13.549,274.33,-2.242,393.506,2.909,29.706,24.464,0.5015178222869029
Uruguay,1993,3156351.0,4.447,50076270401.0,0.08880453684728078,1.409,-0.704,-13.671,278.777,-1.794,391.711,2.653,30.404,26.701,0.5332066423115007
Uruguay,1994,3172839.0,4.041,53722495233.0,0.0752198866131174,1.274,-0.406,-9.138,282.818,-1.449,390.263,2.592,30.031,25.857,0.48130675777168436
Uruguay,1995,3189438.0,4.565,52944808945.0,0.08622186180220619,1.431,0.525,12.982,287.383,-1.159,389.104,3.407,30.681,24.485,0.4624627133027423
Uruguay,1996,3206329.0,5.414,55898048027.0,0.09685490265035583,1.688,0.848,18.583,292.797,-0.841,388.263,4.573,32.44,26.256,0.4697122874007652
Uruguay,1997,3223349.0,5.522,60676036088.0,0.09100792266639342,1.713,0.109,2.01,298.319,-0.596,387.667,4.926,32.652,28.593,0.47124040796816136
Uruguay,1998,3239286.0,5.651,63417919473.0,0.08910730668807099,1.745,0.129,2.328,303.97,-0.492,387.175,5.159,32.749,33.796,0.5329093146045031
Uruguay,1999,3254020.0,6.689,62453367215.0,0.10710391285985683,2.056,1.038,18.374,310.66,-0.247,386.928,6.443,33.595,35.598,0.569993285989712
Uruguay,2000,3266212.0,5.277,61248060548.0,0.08615783018736445,1.616,-1.412,-21.113,315.937,-0.62,386.309,4.657,31.916,34.252,0.5592340344092491
Uruguay,2001,3274257.0,5.041,58893605503.0,0.08559503119134411,1.539,-0.236,-4.481,320.977,-0.263,386.045,4.777,31.501,34.051,0.5781782200151674
Uruguay,2002,3278868.0,4.569,54339947676.0,0.08408178872829432,1.394,-0.471,-9.351,325.546,-0.419,385.626,4.15,32.74,28.16,0.5182191224751079
Uruguay,2003,3281188.0,4.537,54777538534.0,0.08282591955430635,1.383,-0.032,-0.702,330.083,-0.183,385.443,4.354,32.791,30.41,0.5551545544735411
Uruguay,2004,3283157.0,5.574,57518694402.0,0.096907623824754,1.698,1.037,22.856,335.658,-0.365,385.077,5.209,33.513,36.128,0.628108832712722
Uruguay,2005,3285776.0,5.737,61809665004.0,0.09281719937535224,1.746,0.163,2.924,341.395,0.91,385.988,6.648,34.964,36.048,0.5832097617365692
Uruguay,2006,3289508.0,6.611,64342981936.0,0.10274624832550906,2.01,0.874,15.232,348.006,6.734,392.722,13.345,39.764,37.691,0.5857826116528153
Uruguay,2007,3295155.0,5.96,68551985078.0,0.08694131895988974,1.809,-0.651,-9.851,353.965,22.728,415.45,28.688,50.743,37.504,0.5470884607838431
Uruguay,2008,3302184.0,8.218,73471374697.0,0.11185308610178434,2.489,2.258,37.885,362.183,31.422,446.872,39.64,61.332,47.597,0.6478305353111011
Uruguay,2009,3310093.0,7.99,76589128217.0,0.10432290046913617,2.414,-0.227,-2.766,370.173,15.895,462.768,23.886,52.343,48.753,0.6365524864295113
Uruguay,2010,3318581.0,6.322,82565691640.0,0.07656933375626478,1.905,-1.668,-20.881,376.495,27.355,490.123,33.677,57.668,45.053,0.5456624792345771
Uruguay,2011,3326829.0,7.686,86827842475.0,0.0885199929068029,2.31,1.365,21.586,384.182,12.532,502.654,20.218,49.908,48.061,0.5535206061792681
Uruguay,2012,3335406.0,8.605,89899966721.0,0.09571749928123091,2.58,0.918,11.944,392.786,16.289,518.944,24.894,53.555,50.386,0.5604673932346427
Uruguay,2013,3345335.0,7.491,94069112406.0,0.07963294016923457,2.239,-1.114,-12.942,400.277,16.934,535.878,24.425,53.04,48.109,0.5114218553733422
Uruguay,2014,3356343.0,6.684,97115814568.0,0.06882504183002962,1.991,-0.807,-10.775,406.961,12.041,547.919,18.725,52.556,46.396,0.47773887503681245
Uruguay,2015,3368022.0,6.738,97475862960.0,0.06912480480183071,2.001,0.054,0.813,413.699,4.2,552.119,10.938,45.616,48.912,0.5017857602355511
Uruguay,2016,3379279.0,6.52,99123008367.0,0.06577685753705026,1.93,-0.218,-3.232,420.22,2.605,554.723,9.125,44.2,49.155,0.4958989926738812
Uruguay,2017,3388444.0,6.151,100848121902.0,0.06099270748916163,1.815,-0.369,-5.665,426.371,2.483,557.206,8.634,43.521,45.905,0.4551894386750064
Uruguay,2018,3394538.0,6.57,101014297026.0,0.06504029818975973,1.936,0.419,6.818,432.941,2.317,559.523,8.888,42.125,46.865,0.4639442274981872
Uruguay,2019,3397206.0,6.408,101952064290.0,0.06285306771006235,1.886,-0.162,-2.464,439.349,1.947,561.47,8.355,41.737,49.04,0.4810103683678929
Uruguay,2020,3398966.0,6.477,94451117467.0,0.06857515478589207,1.906,0.068,1.066,445.826,1.497,562.967,7.974,38.553,45.473,0.48144480679000623
Uruguay,2021,3396693.0,7.829,99971098860.0,0.07831263324377147,2.305,1.352,20.88,453.655,1.234,564.202,9.063,42.036,50.217,0.5023151748119137
Uruguay,2022,3390913.0,7.501,104575997616.0,0.0717277403132548,2.212,-0.328,-4.194,461.156,0.966,565.168,8.467,40.204,50.215,0.48017710702974126
Uruguay,2023,3388083.0,7.627,105372604484.0,0.07238124213925166,2.251,0.126,1.681,468.783,0.744,565.912,8.371,39.893,52.136,0.4947775586956896
Uruguay,2024,3386583.0,7.973,108877043424.0,0.07322939482247637,2.354,0.346,4.541,476.757,0.535,566.447,8.508,43.054,53.511,0.49148101672463723
Venezuela,1990,19827005.0,120.864,,,6.096,12.213,11.24,3169.776,13.953,6037.453,134.816,203.473,603.555,
Venezuela,1991,20304898.0,114.221,,,5.625,-6.643,-5.497,3283.997,4.356,6041.81,118.577,194.062,607.641,
Venezuela,1992,20780946.0,104.739,,,5.04,-9.482,-8.301,3388.736,5.193,6047.002,109.931,186.227,657.615,
Venezuela,1993,21254525.0,123.052,,,5.789,18.313,17.484,3511.787,4.835,6051.837,127.887,206.412,650.657,
Venezuela,1994,21725186.0,119.06,,,5.48,-3.991,-3.244,3630.847,12.556,6064.393,131.616,210.749,706.328,
Venezuela,1995,22193822.0,124.83,,,5.625,5.77,4.846,3755.678,11.478,6075.871,136.308,223.518,727.397,
Venezuela,1996,22662117.0,118.347,,,5.222,-6.484,-5.194,3874.024,12.212,6088.083,130.559,218.95,708.863,
Venezuela,1997,23131691.0,129.755,,,5.609,11.408,9.639,4003.779,14.126,6102.209,143.88,235.632,749.356,
Venezuela,1998,23601341.0,134.993,,,5.72,5.239,4.037,4138.772,18.95,6121.158,153.943,251.855,751.757,
Venezuela,1999,24066595.0,143.126,,,5.947,8.133,6.025,4281.898,16.971,6138.129,160.097,258.291,731.854,
Venezuela,2000,24526707.0,142.902,,,5.826,-0.224,-0.156,4424.8,21.028,6159.158,163.931,263.709,772.012,
Venezuela,2001,24979934.0,130.618,,,5.229,-12.285,-8.596,4555.418,14.813,6173.971,145.431,246.972,817.002,
Venezuela,2002,25435674.0,164.233,,,6.457,33.615,25.735,4719.651,10.931,6184.902,175.164,272.515,815.842,
Venezuela,2003,25892710.0,154.364,,,5.962,-9.869,-6.009,4874.015,22.557,6207.459,176.922,270.563,734.015,
Venezuela,2004,26340843.0,142.842,,,5.423,-11.522,-7.464,5016.857,15.523,6222.981,158.365,257.117,816.964,
Venezuela,2005,26785797.0,148.408,,,5.541,5.566,3.897,5165.266,10.921,6233.902,159.329,261.508,849.186,
Venezuela,2006,27224691.0,155.841,,,5.724,7.433,5.008,5321.107,13.978,6247.88,169.819,270.742,933.967,
Venezuela,2007,27649369.0,154.167,,,5.576,-1.674,-1.074,5475.274,22.543,6270.423,176.71,277.469,975.662,
Venezuela,2008,28053694.0,155.758,,,5.552,1.591,1.032,5631.032,15.441,6285.864,171.199,278.716,1000.321,
Venezuela,2009,28438296.0,152.176,,,5.351,-3.583,-2.3,5783.208,12.198,6298.062,164.374,267.759,1010.782,
Venezuela,2010,28813101.0,189.582,,,6.58,37.406,24.581,5972.79,10.006,6308.068,199.587,297.662,957.009,
Venezuela,2011,29185220.0,168.713,,,5.781,-20.869,-11.008,6141.502,13.575,6321.643,182.288,280.715,1009.919,
Venezuela,2012,29553829.0,175.845,,,5.95,7.133,4.228,6317.347,18.874,6340.517,194.719,298.394,1054.928,
Venezuela,2013,29912195.0,198.452,,,6.634,22.607,12.856,6515.799,15.279,6355.796,213.732,317.226,1037.009,
Venezuela,2014,30254080.0,175.992,,,5.817,-22.461,-11.318,6691.792,11.45,6367.246,187.442,290.561,1013.238,
Venezuela,2015,30573968.0,166.328,,,5.44,-9.663,-5.491,6858.12,13.029,6380.275,179.357,277.493,969.301,
Venezuela,2016,30765719.0,152.733,,,4.964,-13.595,-8.174,7010.853,11.312,6391.587,164.045,256.728,890.084,
Venezuela,2017,30565331.0,139.093,,,4.551,-13.64,-8.931,7149.946,13.766,6405.353,152.859,237.568,872.974,
Venezuela,2018,29807591.0,111.24,,,3.732,-27.854,-20.025,7261.186,10.106,6415.459,121.345,200.661,727.872,
Venezuela,2019,28938096.0,105.43,,,3.643,-5.809,-5.222,7366.617,10.266,6425.725,115.697,189.175,656.968,
Venezuela,2020,28444080.0,80.901,,,2.844,-24.529,-23.266,7447.518,9.53,6435.255,90.431,160.671,527.86,
Venezuela,2021,28237830.0,94.902,,,3.361,14.001,17.307,7542.42,8.387,6443.641,103.289,170.81,604.086,
Venezuela,2022,28213015.0,108.424,,,3.843,13.521,14.247,7650.844,9.131,6452.772,117.554,186.933,646.047,
Venezuela,2023,28300861.0,119.588,,,4.226,11.164,10.297,7770.432,9.9,6462.671,129.487,199.185,699.48,
Venezuela,2024,28405544.0,116.042,,,4.085,-3.545,-2.965,7886.474,9.901,6472.572,125.943,192.851,698.546,
